Alfred-Wegener-Institut Helmholtz-Zentrum für Polar- und Meeresforschung	Alfred-Wegener-Institut
Alfred-Wegener-Institut Helmholtz-Zentrum für Polar- und Meeresforschung	Alfred-Wegener-Institut fu.r Polarforschung
Alfred-Wegener-Institut Helmholtz-Zentrum für Polar- und Meeresforschung	Alfred-Wegener-Institut fu.r Polar- und Meeresforschung
Alice Salomon Hochschule Berlin	Alice-Salomon-Hochschule Berlin
Alice Salomon Hochschule Berlin	Alice Salomon Hochschule Berlin
Alice Salomon Hochschule Berlin	Alice Salomon Hochschule
Amerika-Haus-Bibliothek, München	Amerika-Haus Mu.nchen
Arnold-Bergstraesser-Institut, Bibliothek, Freiburg i. Br.	Arnold-Bergstraesser-Institut fu.r Kulturwissenschaftliche Forschung
Augustana-Hochschule / Bibliothek Neuendettelsau	Augustana-Hochschule
Badische Landesbibliothek Karlsruhe	Badische Landesbibliothek
Badische Landesbibliothek Karlsruhe	Großherzogliche Badische Hof- und Landesbibliothek
Badische Landesbibliothek Karlsruhe	Badische Hof- und Landesbibliothek und Mu.nzsammlung
BA Sachsen, Bibliothek der Staatlichen Studienakademie Breitenbrunn	Berufsakademie Sachsen - Staatliche Studienakademie Breitenbrunn
Bayerische Landesanstalt für Weinbau und Gartenbau - Bibliothek, Veitshöchheim	Bayerische Landesanstalt fu.r Weinbau und Gartenbau
Bayerische Landesanstalt für Weinbau und Gartenbau - Bibliothek, Veitshöchheim	Bayerische Landesanstalt fu.r Wein-, Obst- und Gartenbau
Bayerische Staatsbibliothek München	Bayerische Staatsbibliothek
Bayerische Staatsbibliothek München	Ko.nigliche Hof- und Staatsbibliothek zu Mu.nchen
Berlin-Brandenburgische Akademie der Wissenschaften, Akademiebibliothek	Berlin-Brandenburgische Akademie der Wissenschaften
Berufsakademie Sachsen. Staatliche Studienakademie Bautzen	Berufsakademie Sachsen - Staatliche Studienakademie Glauchau
Berufsgenossenschaftliche Kliniken Bergmannstrost Halle, Medizinische Fachbibliothek	Berufsgenossenschaftliche Kliniken Bergmannstrost
Berufsgenossenschaftliche Kliniken Bergmannstrost Halle, Medizinische Fachbibliothek	Berufsgenossenschaftliche Kliniken Stadt Halle Bergmannstrost
Beuth Hochschule für Technik Berlin	Hochschule fu.r Technik und Wirtschaft Berlin
Beuth Hochschule für Technik Berlin	Beuth-Hochschule fu.r Technik Berlin
BfArM-Bibliothek, Bonn	Bundesinstitut fu.r Arzneimittel und Medizinprodukte
Bibliotheca Hertziana - Max-Planck-Institut für Kunstgeschichte	Bibliotheca Hertziana
Bibliothek am Museum für Naturkunde Berlin	Museum fu.r Naturkunde Berlin
Bibliothek Burg Giebichenstein Kunsthochschule Halle	Burg Giebichenstein, Hochschule fu.r Kunst und Design Halle
Bibliothek Burg Giebichenstein Kunsthochschule Halle	Burg Giebichenstein, Kunsthochschule Halle
Bibliothek der Bundesanstalt für Finanzdienstleistungsaufsicht Bonn	Bundesanstalt fu.r Finanzdienstleistungsaufsicht
Bibliothek der Deutschen Universität für Verwaltungswissenschaften Speyer	Deutsche Universita.t fu.r Verwaltungswissenschaften Speyer
Bibliothek der Dualen Hochschule Baden-Württemberg	Duale Hochschule Baden-Wu.rttemberg
Bibliothek der Dualen Hochschule Baden-Württemberg Mannheim	Duale Hochschule Baden-Wu.rttemberg Mannheim
Bibliothek der Dualen Hochschule Gera-Eisenach, Campus Eisenach	Duale Hochschule Gera-Eisenach
Bibliothek der Dualen Hochschule Ravensburg	Duale Hochschule Baden-Wu.rttemberg Ravensburg
Bibliothek der Evangelischen Hochschule Nürnberg	Evangelische Hochschule Nu.rnberg
Bibliothek der Fachhochschule Erfurt	Fachhochschule Erfurt
Bibliothek der Forstlichen Versuchs- und Forschungsanstalt Baden-Württemberg	Forstliche Versuchs- und Forschungsanstalt Baden-Wu.rttemberg
Bibliothek der Forstlichen Versuchs- und Forschungsanstalt Baden-Württemberg	Baden-Wu.rttembergische Forstliche Versuchs- und Forschungsanstalt
Bibliothek der Frankfurt UAS	Frankfurt University of Applied Sciences
Bibliothek der Friedrich-Ebert-Stiftung	Friedrich-Ebert-Stiftung
Bibliothek der HafenCity Universität Hamburg	HafenCity Universita.t Hamburg
Bibliothek der Hochschule Landshut	Hochschule Landshut
Bibliothek der HafenCity Universität Hamburg	HafenCity Universita.t Hamburg
Bibliothek der HAWK -  Hildesheim/Holzminden/Göttingen	HAWK FH Hildesheim/ Holzminden/Go.ttingen Fachgebiet NEUTec
Bibliothek der HAWK -  Hildesheim/Holzminden/Göttingen	Fachhochschule Hildesheim/Holzminden/Go.ttingen
Bibliothek der HAWK -  Hildesheim/Holzminden/Göttingen	Fachhochschule Hildesheim/Holzminden
Bibliothek der HAWK -  Hildesheim/Holzminden/Göttingen	Fachhochschule Hildesheim
Bibliothek der HAWK -  Hildesheim/Holzminden/Göttingen	Hochschule Hildesheim
Bibliothek der Hochschule Biberach	Hochschule Biberach
Bibliothek der Hochschule für bildende Künste	Hochschule fu.r Bildende Ku.nste Braunschweig
Bibliothek der Hochschule für Musik Nürnberg	Hochschule fu.r Musik Nu.rnberg
Bibliothek der Hochschule für Musik, Theater und Medien Hannover	Hochschule fu.r Musik, Theater und Medien Hannover
Bibliothek der Hochschule für Musik und Theater Leipzig	Hochschule fu.r Musik und Theater Felix Mendelssohn-Bartholdy
Bibliothek der Hochschule für Musik und Theater Leipzig	Hochschule fu.r Musik und Theater .Felix Mendelssohn Bartholdy. Leipzig
Bibliothek der Hochschule für öff. Verwaltung und Finanzen	Hochschule fu.r O.ffentliche Verwaltung und Finanzen
Bibliothek der Hochschule für öff. Verwaltung und Finanzen	Fachhochschule Ludwigsburg - Hochschule fu.r O.ffentliche Verwaltung und Finanzen
Bibliothek der Hochschule für Wirtschaft und Gesellschaft Ludwigshafen am Rhein	Fachhochschule Ludwigshafen am Rhein
Bibliothek der Hochschule Hannover	Hochschule Hannover
Bibliothek der Hochschule Harz in Wernigerode und Halberstadt	Hochschule Harz
Bibliothek der Hochschule Mainz	Hochschule Mainz
Bibliothek der Hochschule München	Hochschule fu.r Angewandte Wissenschaften Mu.nchen
Bibliothek der Hochschule Offenburg	Hochschule Offenburg
Bibliothek der Hochschule Ruhr West	Hochschule Ruhr West
Bibliothek der Hochschule Weihenstephan-Triesdorf	Hochschule Weihenstephan-Triesdorf
Bibliothek der HS Augsburg	Hochschule Augsburg
Bibliothek der HS Augsburg	Fachhochschule Augsburg
Bibliothek der HS Coburg	Fachhochschule Coburg
Bibliothek der HTW-Berlin	Hochschule fu.r Technik und Wirtschaft Berlin
Bibliothek der International Psychoanalytic University (IPU) Berlin	International Psychoanalytic University
Bibliothek der Konrad-Adenauer-Stiftung	Konrad-Adenauer-Stiftung
Bibliothek der Kriminologischen Zentralstelle e.V., Wiesbaden	Kriminologische Zentralstelle
Bibliothek der Leopoldina, Halle (Saale)	Deutsche Akademie der Naturforscher Leopoldina
Bibliothek der Max-Planck-Institute für Chemische Ökologie und Biogeochemie	Max-Planck-Institut fu.r Chemische O.kologie
Bibliothek der Max-Planck-Institute für Chemische Ökologie und Biogeochemie	Max-Planck-Institut fu.r Biogeochemie
Bibliothek der Ostfalia Hochschule für angewandte Wissenschaften	Ostfalia Hochschule fu.r Angewandte Wissenschaften
Bibliothek der Pädagogischen Hochschule Freiburg	Pa.dagogische Hochschule Freiburg
Bibliothek der Pädagogischen Hochschule Freiburg	Pa.dagogische Hochschule Freiburg im Breisgau
Bibliothek der Pädagogischen Hochschule Heidelberg	Pa.dagogische Hochschule Heidelberg
Bibliothek der Physikalisch-Technischen Bundesanstalt, Braunschweig und Berlin	Physikalisch-Technische Bundesanstalt
Bibliothek der Staatlichen Hochschule für Musik Trossingen	Staatliche Hochschule fu.r Musik Trossingen
Bibliothek der Staatlichen Kunsthalle Karlsruhe	Staatliche Kunsthalle Karlsruhe
Bibliothek der Staatlichen Studienakademie Glauchau, BA Sachsen	Berufsakademie Sachsen - Staatliche Studienakademie Glauchau
Bibliothek der Staatlichen Studienakademie Plauen, BA Sachsen	Berufsakademie Sachsen - Staatliche Studienakademie Plauen
Bibliothek der Staatlichen Studienakademie Riesa, BA Sachsen	Berufsakademie Sachsen - Staatliche Studienakademie Riesa
Bibliothek der Technischen Hochschule Aschaffenburg	Hochschule fu.r Angewandte Wissenschaften, Fachhochschule Aschaffenburg
Bibliothek der Technischen Hochschule Deggendorf	Technische Hochschule Deggendorf
Bibliothek der Technischen Hochschule Nürnberg Georg Simon Ohm	Technische Hochschule Nu.rnberg Georg Simon Ohm
Bibliothek der Technischen Hochschule Ulm	Fachhochschule Ulm
Bibliothek der Technischen Universität Hamburg	Technische Universita.t Hamburg
Bibliothek der Technischen Universität Hamburg	Technische Universita.t Hamburg-Harburg
Bibliothek der TH Rosenheim	Fachhochschule Rosenheim
Bibliothek der Westfälischen Hochschule Gelsenkirchen Bocholt Recklinghausen	Westfa.lische Hochschule
Bibliothek des Bischöflichen Priesterseminars Trier	Bischo.fliches Priesterseminar Trier
Bibliothek des Bundesfinanzhofs, München	Bundesfinanzhof
Bibliothek des Bundesgerichtshofs, Karlsruhe	Bundesgerichtshof
Bibliothek des Bundesverfassungsgerichts, Karlsruhe	Bundesverfassungsgericht
Bibliothek des Carl-Thiem-Klinikums Cottbus	Carl-Thiem-Klinikum Cottbus
Bibliothek des Deutschen Forums für Kunstgeschichte Paris	Deutsches Forum fu.r Kunstgeschichte
Bibliothek des Deutschen Historischen Instituts in Rom	Deutsches Historisches Institut in Rom
Bibliothek des Deutschen Museums München	Deutsches Museum
Bibliothek des Deutschen Schiffahrtsmuseums Bremerhaven	Deutsches Schiffahrtsmuseum
Bibliothek des DHI Moskau	Deutsches Historisches Institut Moskau
Bibliothek des Fraunhofer-Instituts für Silicatforschung	Fraunhofer-Institut fu.r Silicatforschung
Bibliothek des Geozentrums Hannover BGR - LBEG - LIAG	Geozentrum
Bibliothek des Hamburger Instituts für Sozialforschung	Hamburger Institut fu.r Sozialforschung
Bibliothek des Instituts für Zeitgeschichte, München	Institut fu.r Zeitgeschichte
Bibliothek des Internationalen Konversionszentrums Bonn (BICC)	Bonn International Center for Conversion
Bibliothek des Landeskirchenamts Hannover	Evangelisch-Lutherische Landeskirche Hannovers
Bibliothek des Max-Planck-Instituts für Innovation und Wettbewerb und des Max-Planck-Instituts für Steuerrecht und Öffentliche Finanzen	Max-Planck-Institut fu.r Innovation und Wettbewerb
Bibliothek des Max-Planck-Instituts für Innovation und Wettbewerb und des Max-Planck-Instituts für Steuerrecht und Öffentliche Finanzen	Max-Planck-Institut fu.r Steuerrecht und O.ffentliche Finanzen
Bibliothek des Wissenschaftsparks Albert Einstein, Potsdam	GeoForschungsZentrum Potsdam
Bibliothek des Wissenschaftsparks Albert Einstein, Potsdam	Deutsches GeoForschungsZentrum
Bibliothek des Wissenschaftsparks Albert Einstein, Potsdam	GeoForschungsZentrum
Bibliothek des Zentralinstituts für Seelische Gesundheit Mannheim	Zentralinstitut fu.r Seelische Gesundheit
Bibliothek des Zentrums für Zeithistorische Forschung e.V., Potsdam	Zentrum fu.r Zeithistorische Forschung Potsdam
Bibliotheken der Universität Frankfurt am Main	Goethe-Universita.t Frankfurt am Main
Bibliothekssystem der Justus-Liebig-Universität Gießen	Justus-Liebig-Universita.t Gießen
Bibliothekssystem der Universität Mainz	Johannes Gutenberg-Universita.t Mainz
Bibliothek Staatliche Studienakademie Leipzig	Berufsakademie Sachsen - Staatliche Studienakademie Leipzig
Bibliothek und Fachinformationsstelle der Wehrtechnischen Dienststelle für Schiffe und Marinewaffen, Maritime Technologie und Forschung, Kiel	Wehrtechnische Dienststelle fu.r Schiffe und Marinewaffen, Maritime Technologie und Forschung
Bibliothek und Fachinformationsstelle der Wehrtechnischen Dienststelle für Schiffe und Marinewaffen, Maritime Technologie und Forschung, Kiel	Bundeswehr. Wehrtechnische Dienststelle fu.r Schiffe und Marinewaffen der Bundeswehr, Maritime Technologie und Forschung
Bibliothek von ZKM und HfG Karlsruhe	Staatliche Hochschule fu.r Gestaltung Karlsruhe
Bibliothek von ZKM und HfG Karlsruhe	Zentrum fu.r Kunst und Medien
BIS - Bibliotheks- und Informationssystem der Universität Oldenburg	Carl von Ossietzky Universita.t Oldenburg
Bochum, Evangelische Hochschule Rheinland-Westfalen-Lippe / Hochschulbibliothek	Evangelische Fachhochschule Rheinland-Westfalen-Lippe
Bundesamt für Migration und Flüchtlinge (BAMF), Bibliothek	Bundesamt fu.r Migration und Flu.chtlinge
Bundesamt für Naturschutz (BfN) / Bibliothek (Bonn/Leipzig/Vilm)	Bundesamt fu.r Naturschutz
Bundesanstalt für Materialforschung und -prüfung (BAM)	Bundesanstalt fu.r Materialforschung und -pru.fung
Bundesanstalt für Materialforschung und -prüfung (BAM)	Bundesanstalt fu.r Materialpru.fung
Bundesamt für Seeschifffahrt und Hydrographie / Bibliothek	Bundesamt fu.r Seeschifffahrt und Hydrographie
Bundesamt für Seeschifffahrt und Hydrographie / Bibliothek	Bundesamt fu.r Seeschifffahrt und Hydrographie. Aussenstelle Rostock
Bundesamt für Seeschifffahrt und Hydrographie / Bibliothek	Bundesamt fu.r Seeschiffahrt und Hydrographie
Bundesamt für Strahlenschutz	Bundesamt fu.r Strahlenschutz
Bundesinstitut für Berufsbildung, Bibliothek, Bonn / Informationsverbund Berlin-Bonn (IVBB)	Bundesinstitut fu.r Berufsausbildung
Bundesinstitut für Risikobewertung	Bundesinstitut fu.r Risikobewertung
Caritas-Bibliothek Freiburg	Caritas Fribourg
Caritas-Bibliothek Freiburg	Caritasverband Freiburg im Breisgau
Commerzbibliothek der Handelskammer Hamburg	Handelskammer Hamburg
DBFZ Deutsches Biomasseforschungszentrum gemeinnützige GmbH	Deutsches BiomasseForschungsZentrum
DESY-Bibliotheken Hamburg/Zeuthen	Deutsches Elektronen-Synchrotron
Deutsche Bundesbank - Bibliothek der Zentrale - Frankfurt am Main	Deutsche Bundesbank
Deutsche Hochschule der Polizei, Münster	Deutsche Hochschule der Polizei
Deutsche Meteorologische Bibliothek, Offenbach am Main	Deutscher Wetterdienst
Deutsches Herzzentrum Berlin	Deutsches Herzzentrum
Deutsches Historisches Institut London	Deutsches Historisches Institut London
Deutsches Historisches Institut Paris	Deutsches Historisches Institut Paris
Deutsches Historisches Institut Warschau	Deutsches Historisches Institut Warschau
Deutsches Historisches Institut Washington	Deutsches Historisches Institut Washington DC
Deutsches Institut für Ernährungsforschung Potsdam-Rehbrücke	Deutsches Institut fu.r Erna.hrungsforschung Potsdam-Rehbru.cke
Deutsches Institut für Ernährungsforschung Potsdam-Rehbrücke	Deutsches Institut fu.r Erna.hrungsforschun
Deutsches Institut für Japanstudien, Bibliothek	Deutsches Institut fu.r Japanstudien
Deutsches Institut für Menschenrechte - Bibliothek	Deutsches Institut fu.r Menschenrechte
Deutsches Institut für Wirtschaftsforschung Berlin	Deutsches Institut fu.r Wirtschaftsforschung
Deutsches Institut für Wirtschaftsforschung Berlin	DIW Deutsches Institut fu.r Wirtschaftsforschung, Berlin
Deutsches Literaturarchiv Marbach	Deutsches Literaturarchiv Marbach
Deutsches Patent- und Markenamt / Bibliothek, München	Patent- und Markenamt
Deutsches Rheuma-Forschungszentrum. Ein Institut der Leibniz-Gemeinschaft	Deutsches Rheuma-Forschungszentrum
Deutsches Zentrum für Altersfragen, Bibliothek, Berlin	Deutsches Zentrum fu.r Altersfragen
Deutsches Zentrum für Neurodegenerative Erkrankungen	Deutsches Zentrum fu.r Neurodegenerative Erkrankungen
Deutsch-Französisches Institut Ludwigsburg	Deutsch-Franzo.sisches Institut
DHBW Lörrach, Bibliothek	Duale Hochschule Baden-Wu.rttemberg Lo.rrach
DIE-Bibliothek für Erwachsenenbildung	Deutsches Institut für Erwachsenenbildung
DLR - Deutsches Zentrum für Luft- und Raumfahrt	Deutsches Zentrum fu.r Luft- und Raumfahrt
Duale Hochschule Baden-Württemberg	Duale Hochschule Baden-Wu.rttemberg
Duale Hochschule Baden-Württemberg DHBW Karlsruhe	Duale Hochschule Baden-Wu.rttemberg Karlsruhe
Duale Hochschule Baden-Württemberg Heidenheim Bibliothek	Duale Hochschule Baden-Wu.rttemberg Heidenheim
Duale Hochschule Baden-Württemberg Stuttgart	Duale Hochschule Baden-Wu.rttemberg Stuttgart
Duale Hochschule Baden-Württemberg Villingen-Schwenningen, Bibliothek	Duale Hochschule Baden-Wu.rttemberg Villingen-Schwenningen
EBS Universität für Wirtschaft und Recht	EBS Universita.t fu.r Wirtschaft und Recht
Erzbischöfliche Akademische Bibliothek Paderborn	Theologische Fakulta.t Paderborn
Erzbischöfliche Akademische Bibliothek Paderborn	Erzbistum Paderborn
Erzbischöfliche Diözesan- und Dombibliothek Köln mit Bibliothek Albertus Magnus	Erzbischo.fliche Dio.zesan- und Dom-Bibliothek Ko.ln
Evangelische Hochschule Berlin	Evangelische Hochschule Berlin
Evangelische Hochschule Freiburg - Hochschulbibliothek	Evangelische Hochschule Freiburg
Evangelische Hochschule Ludwigsburg	Evangelische Hochschule Ludwigsburg
Fachhochschulbibliothek Dortmund	Fachhochschule Dortmund
Fachhochschulbibliothek Münster	Fachhochschule Mu.nster
Fachhochschule Südwestfalen, Hochschulbibliothek	Fachhochschule Su.dwestfalen
FH Potsdam, Hochschulbibliothek	Fachhochschule Potsdam
Filmuniversität Babelsberg Konrad Wolf	Filmuniversita.t Babelsberg Konrad Wolf
Forschungszentrum Jülich GmbH, Zentralbibliothek	Forschungszentrum Ju.lich
Forschungszentrum Jülich GmbH, Zentralbibliothek	Forschungszentrum
Fraunhofer ICT-IMM	Fraunhofer ICT-IMM
Fraunhofer ICT-IMM	Fraunhofer-Institut fu.r Chemische Technologie
Fraunhofer-Institut für Angewandte Optik und Feinmechanik IOF Jena	Fraunhofer-Institut fu.r Angewandte Optik und Feinmechanik
Fraunhofer-Institut für Arbeitswirtschaft und Organisation	Fraunhofer-Institut fu.r Arbeitswirtschaft und Organisation
Fraunhofer-Institut für Keramische Technologien und Systeme IKTS, Dresden, Hermsdorf	Fraunhofer-Institut fu.r Keramische Technologien und Systeme
Fraunhofer-Institut für Keramische Technologien und Systeme IKTS, Dresden, Hermsdorf	Fraunhofer-Institut fu.r Keramische Technologien und Sinterwerkstoffe
Fraunhofer-Institut für Werkstoff- und Strahltechnik, IWS Dresden	Fraunhofer-Institut fu.r Werkstoff- und Strahltechnik
Friedrich-Loeffler-Institut / Bundesforschungsinstitut für Tiergesundheit	Friedrich-Loeffler-Institut
Friedrich-Loeffler-Institut / Bundesforschungsinstitut für Tiergesundheit	Friedrich-Loeffler-Institut fu.r Tierseuchenforschung
Friedrich-Loeffler-Institut / Bundesforschungsinstitut für Tiergesundheit	Friedrich-Loeffler-Institut, Insel Riems
Fritz-Haber-Institut der Max-Planck-Gesellschaft, Berlin	Fritz-Haber-Institut
Führungsakademie der Bundeswehr: Fachinformationsstelle / Bibliothek	Fu.hrungsakademie der Bundeswehr
Führungsakademie der Bundeswehr: Fachinformationsstelle / Bibliothek	Bundeswehr. Fu.hrungsakademie
Geisteswissenschaftliche Zentren Berlin	Geisteswissenschaftliche Zentren Berlin
Gemeinsame Bibliothek der BA Dresden und der EHS Dresden	Berufsakademie Sachsen - Staatliche Studienakademie Dresden
Gemeinsame Bibliothek der BA Dresden und der EHS Dresden	Evangelische Hochschule Dresden
GEOMAR Bibliothek - Helmholtz-Zentrum für Ozeanforschung Kiel	Helmholtz-Zentrum fu.r Ozeanforschung Kiel
Georg-Eckert-Institut - Leibniz-Institut für Internationale Schulbuchforschung	Georg-Eckert-Institut fu.r Internationale Schulbuchforschung
Georg-Eckert-Institut - Leibniz-Institut für Internationale Schulbuchforschung	Georg-Eckert-Institut - Leibniz-Institut fu.r Internationale Schulbuchforschung
Germanisches Nationalmuseum Nürnberg, Bibliothek	Germanisches Nationalmuseum
GESIS  - Leibniz-Institut für Sozialwissenschaften	GESIS - Leibniz-Institut fu.r Sozialwissenschaften
GIGA German Institute of Global and Area Studies - Informationszentrum, Hamburg	GIGA German Institute of Global and Area Studies
GIGA German Institute of Global and Area Studies - Informationszentrum, Hamburg	GIGA Institut fu.r Lateinamerikastudien
Gottfried Wilhelm Leibniz Bibliothek - Niedersächsische Landesbibliothek	Gottfried Wilhelm Leibniz Bibliothek - Niedersa.chsische Landesbibliothek
Hamburger Lehrerbibliothek	Landesinstitut fu.r Lehrerbildung und Schulentwicklung
Helios Zentralbibliothek	HELIOS Kliniken GmbH
Helmholtz-Zentrum Berlin - Zentralbibliothek	Helmholtz-Zentrum Berlin fu.r Materialien und Energie
Helmholtz-Zentrum Dresden-Rossendorf e.V.	Helmholtz-Zentrum Dresden-Rossendorf
Helmholtz-Zentrum für Infektionsforschung, Braunschweig - Bibliothek	Helmholtz-Zentrum fu.r Infektionsforschung
Helmholtz-Zentrum für Umweltforschung GmbH - UFZ	Helmholtz-Zentrum fu.r Umweltforschung
Helmholtz-Zentrum Geesthacht, Bibliothek	Helmholtz-Zentrum Geesthacht
Helmholtz-Zentrum Geesthacht, Bibliothek	Helmholtz-Zentrum
Helmholtz Zentrum München - Zentralbibliothek	Helmholtz Zentrum Mu.nchen
Hertie School of Governance	Hertie School of Governance
Herzog August Bibliothek, Wolfenbüttel	Herzog August Bibliothek
Herzogin Anna Amalia Bibliothek Weimar	Herzogin Anna Amalia Bibliothek
Herz- und Diabeteszentrum NRW	Herz- und Diabeteszentrum Nordrhein-Westfalen
Hochschulbibliothek Aalen	Hochschule Aalen
Hochschulbibliothek Ansbach	Hochschule Ansbach
Hochschulbibliothek der Fachhochschule Aachen	Fachhochschule Aachen
Hochschulbibliothek der Fachhochschule Westküste	Fachhochschule Westku.ste
Hochschulbibliothek der FH Bielefeld	Fachhochschule Bielefeld
Hochschulbibliothek der HfG Schwäbisch Gmünd	Hochschule fu.r Gestaltung
Hochschulbibliothek der HfWU Nürtingen-Geislingen	Hochschule fu.r Wirtschaft und Umwelt Nu.rtingen-Geislingen
Hochschulbibliothek der Hochschule Bochum	Hochschule Bochum
Hochschulbibliothek der Hochschule Düsseldorf	Hochschule Du.sseldorf
Hochschulbibliothek der Hochschule Niederrhein	Hochschule Niederrhein
Hochschulbibliothek der Hochschule Zittau/Görlitz	Hochschule Zittau-Go.rlitz
Hochschulbibliothek der HTWG Konstanz	Hochschule Konstanz Technik, Wirtschaft und Gestaltung
Hochschulbibliothek der HTWK Leipzig	Hochschule fu.r Technik, Wirtschaft und Kultur
Hochschulbibliothek der TH Köln	Technische Hochschule Ko.ln
Hochschulbibliothek der WH Zwickau	Westsa.chsische Hochschule Zwickau
Hochschulbibliothek EAH Jena	Ernst-Abbe-Hochschule Jena
Hochschulbibliothek Emden/Leer	Hochschule Emden/Leer
Hochschulbibliothek Esslingen	Hochschule Esslingen
Hochschulbibliothek Friedensau	Theologische Hochschule Friedensau
Hochschulbibliothek Heilbronn	Hochschule Heilbronn
Hochschulbibliothek Hof	Hochschule Hof
Hochschulbibliothek Karlsruhe	Hochschule Karlsruhe - Technik und Wirtschaft
Hochschulbibliothek Kempten	Hochschule Kempten
Hochschulbibliothek Magdeburg-Stendal	Hochschule Magdeburg-Stendal
Hochschulbibliothek Mannheim	Hochschule Mannheim
Hochschulbibliothek Merseburg	Hochschule Merseburg
Hochschulbibliothek Mittweida	Hochschule Mittweida
Hochschulbibliothek Neubrandenburg	Hochschule Neubrandenburg
Hochschulbibliothek Neu-Ulm	Hochschule fu.r Angewandte Wissenschaften Neu-Ulm
Hochschulbibliothek OTH Regensburg	Ostbayerische Technische Hochschule Regensburg
Hochschulbibliothek Pforzheim	Hochschule Pforzheim
Hochschulbibliothek Stralsund	Fachhochschule Stralsund
Hochschulbibliothek Wismar	Hochschule Wismar
Hochschulbibliothek Worms	Hochschule Worms
Hochschulbibliothek Würzburg-Schweinfurt	Hochschule fu.r Angewandte Wissenschaften Wu.rzburg-Schweinfurt
Hochschule Albstadt-Sigmaringen / Bibliothek	Hochschule Albstadt-Sigmaringe
Hochschule Anhalt	Hochschule Anhalt
Hochschule Anhalt	Hochschule Anhalt (FH)
Hochschule der Medien (HdM)	Hochschule der Medien
Hochschule Fresenius, Idstein	Hochschule Fresenius
Hochschule für Gesundheit	Hochschule fu.r Gesundheit
Hochschule für Gesundheit	Hochschule fu.r Gesundheit Bochum
Hochschule für Musik Detmold	Hochschule fu.r Musik Detmold
Hochschule für Musik Freiburg, Bibliothek	Staatliche Hochschule fu.r Musik Freiburg
Hochschule für Musik Freiburg, Bibliothek	Hochschule fu.r Musik Freiburg
Hochschule für Musik und Tanz Köln, Bibliothek	Hochschule fu.r Musik und Tanz Ko.ln
Hochschule für Musik und Theater München, Bibliothek	Hochschule fu.r Musik und Theater Mu.nchen
Hochschule für Musik und Theater Rostock	Hochschule fu.r Musik und Theater Rostock
Hochschule für nachhaltige Entwicklung Eberswalde	Hochschule fu.r Nachhaltige Entwicklung Eberswalde (FH)
Hochschule für nachhaltige Entwicklung Eberswalde	Hochschule fu.r Nachhaltige Entwicklung Eberswalde
Hochschule für Technik Stuttgart	Hochschule fu.r Technik Stuttgart
Hochschule für Technik Stuttgart	Fachhochschule Stuttgart - Hochschule fu.r Technik
Hochschule für Technik und Wirtschaft des Saarlandes / Bibliothek	Hochschule fu.r Technik und Wirtschaft des Saarlandes
Hochschule für Technik und Wirtschaft Dresden	Hochschule fu.r Technik und Wirtschaft Dresden
Hochschule für Technik und Wirtschaft Dresden	Hochschule fu.r Technik und Wirtschaft Dresden (FH)
Hochschule Furtwangen - Die Bibliotheken	Hochschule Furtwangen
Hochschule für Wirtschaft und Recht Berlin	Hochschule fu.r Wirtschaft und Recht Berlin
Hochschule Geisenheim	Hochschule Geisenheim
Hochschule Hamm-Lippstadt, Zentrum für Wissensmanagement	Hochschule Hamm-Lippstadt
Hochschule Kaiserslautern, Hochschulbibliothek	Hochschule Kaiserslautern
Hochschule Karlsruhe - Technik und Wirtschaft HsKA	Hochschule Karlsruhe - Technik und Wirtschaft
Hochschule Karlsruhe - Technik und Wirtschaft HsKA	Hochschule Karlsruhe Technik und Wirtschaft
Hochschule Karlsruhe - Technik und Wirtschaft HsKA	Fachhochschule Karlsruhe
Hochschule Koblenz RheinAhrCampus Remagen	Hochschule Koblenz
Hochschule Koblenz RheinMoselCampus	Hochschule Koblenz
Hochschule Nordhausen, Hochschulbibliothek	Hochschule Nordhausen
Hochschule Osnabrück - Bibliothek	Hochschule Osnabru.ck
Hochschule Ravensburg-Weingarten (HRW)	Hochschule Ravensburg-Weingarten Technik, Wirtschaft, Sozialwesen
Hochschule Ravensburg-Weingarten (HRW)	Fachhochschule Ravensburg-Weingarten, Hochschule fu.r Technik und Sozialwesen
Hochschule Reutlingen - Lernzentrum	Hochschule Reutlingen
Hochschule Rhein-Waal	Hochschule Rhein-Waal
Hochschule Schmalkalden / Bibliothek	Hochschule Schmalkalden
Hochschule Trier / Bibliothek	Hochschule Trier
Hochschulinformations- und Bibliotheksservice (HIBS) der HAW-Hamburg	Hochschule fu.r Angewandte Wissenschaften Hamburg
Hochschul- und Kreisbibliothek Bonn-Rhein-Sieg	Hochschule Bonn-Rhein-Sieg
Hochschul- und Landesbibliothek Fulda	Hochschule Fulda
Hochschul- und Landesbibliothek Fulda	Fachhochschule Fulda
Hochschul- und Landesbibliothek RheinMain	Hochschule RheinMain
Hochschul- und Landeskirchenbibliothek Wuppertal	Kirchliche Hochschule Wuppertal
HSFK-Bibliothek Frankfurt am Main	Hessische Stiftung Friedens- und Konfliktforschung
Humboldt-Universität zu Berlin	Humboldt-Universita.t zu Berlin
Ibero-Amerikanisches Institut, Berlin	Ibero-Amerikanisches Institut
IfADo - Leibniz-Institut für Arbeitsforschung an der TU Dortmund - Bibliothek	Leibniz-Institut fu.r Arbeitsforschung
IHP Bibliothek Frankfurt (Oder)	IHP GmbH
ILS - Institut für Landes- und Stadtentwicklungsforschung, Bibliothek, Dortmund	ILS - Institut fu.r Landes- und Stadtentwicklungsforschung
ILS - Institut für Landes- und Stadtentwicklungsforschung, Bibliothek, Dortmund	Institut fu.r Landes- und Stadtentwicklungsforschung des Landes Nordrhein Westfalen
Institut für Arbeitsmarkt- und Berufsforschung, Nürnberg	Institut fu.r Arbeitsmarkt- und Berufsforschung
Institut für Seeverkehrswirtschaft und Logistik, ISL InfoCenter/Bibliothek, Bremen	Frankfurter Institut fu.r Umweltorientierte Logistik - Logistik und Verkehr
Institut für Seeverkehrswirtschaft und Logistik, ISL InfoCenter/Bibliothek, Bremen	Institut fu.r Seeverkehrswirtschaft und Logistik
IPN Bibliothek, Kiel	IPN Leibniz-Institut fu.r die Pa.dagogik d. Naturwissenschaften und Mathematik
IUBH Internationale Hochschule	Internationale Fachhochschule Bad Honnef - Bonn
IZUS / Universitätsbibliothek Stuttgart	Universita.t Stuttgart
Jade Hochschule Wilhelmshaven/Oldenburg/Elsfleth, Hochschulbibliothek	Jade Hochschule
Jade Hochschule Wilhelmshaven/Oldenburg/Elsfleth, Hochschulbibliothek	Fachhochschule Wilhelmshaven/Oldenburg/Elsfleth
Johann Heinrich von Thünen-Institut, Bereich Wald	Johann Heinrich von Thu.nen-Institut
Johann Heinrich von Thünen-Institut, Bereich Wald	Johann-Heinrich-von-Thu.nen-Institut
Johann Heinrich von Thünen-Institut (vTI), Bereich Fischerei	Johann Heinrich von Thu.nen-Institut
Johann Heinrich von Thünen-Institut (vTI), Bereich Fischerei	Johann-Heinrich-von-Thu.nen-Institut
Julius Kühn-Institut - Bundesforschungsinstitut für Kulturpflanzen	Julius Ku.hn-Institut, Bundesforschungsinstitut fu.r Kulturpflanzen
Julius Kühn-Institut - Bundesforschungsinstitut für Kulturpflanzen	Julius Ku.hn-Institut
Karlsruher Institut für Technologie KIT	Karlsruher Institut fu.r Technologie
Katholische Hochschule Nordrhein-Westfalen (KatHO NRW) - Hochschulbibliothek	Katholische Hochschule Nordrhein-Westfalen
Katholische Stiftungshochschule München/Benediktbeuern	Katholische Stiftungsfachhochschule Mu.nchen
KIM Konstanz, IT- und Bibliotheksdienste	Universita.t Konstanz
Klinikum Ingolstadt - Zentralbibliothek	Ludwig-Maximilians-Universita.t Mu.nchen
Klinikum Ingolstadt - Zentralbibliothek	Klinikum
Klinikum Nürnberg	Klinikum Nu.rnberg
Klinikum Stuttgart	Klinikum Stuttgart
Kommunikations-, Informations- und Medienzentrum Hohenheim (KIM)	Universita.t Hohenheim
Kunsthistorisches Institut in Florenz, Max-Planck-Institut	Kunsthistorisches Institut in Florenz
Landesamt für Archäologie Sachsen, Bibliothek	Staatliches Museum für Archa.ologie
Landesamt für Denkmalpflege im Regierungspräsidium Stuttgart, Bibliothek (Sitz: Esslingen)	Landesamt fu.r Denkmalpflege
Landesbibliothek Coburg	Landesbibliothek Coburg
Landesbibliothek Mecklenburg-Vorpommern Schwerin	Landesbibliothek Mecklenburg-Vorpommern
Landesbibliothek Oldenburg	Landesbibliothek Oldenburg
Landesbibliothekszentrum Rheinland-Pfalz	Landesbibliothekszentrum Rheinland-Pfalz
Landeskirchliche Bibliothek Bremen	Landeskirchliche Bibliothek
Landeskirchliche Zentralbibliothek Stuttgart	Evangelische Landeskirche in Wu.rttemberg
Leibniz-Institut DSMZ - Deutsche Sammlung von Mikroorganismen und Zellkulturen	Leibniz-Institut DSMZ-Deutsche Sammlung von Mikroorganismen und Zellkulturen
Leibniz-Institut DSMZ - Deutsche Sammlung von Mikroorganismen und Zellkulturen	Deutsche Sammlung von Mikroorganismen und Zellkulturen
Leibniz-Institut fuer Ostseeforschung Warnemünde (IOW)	Institut fu.r Ostseeforschung Warnemu.nde
Leibniz-Institut fuer Ostseeforschung Warnemünde (IOW)	Leibniz-Institut fu.r Ostseeforschung Warnemu.nde
Leibniz-Institut für Agrarentwicklung in Transformationsökonomien	Leibniz-Institut fu.r Agrarentwicklung in Transformationso.konomien
Leibniz-Institut für Analytische Wissenschaften - ISAS - e.V.	Leibniz-Institut fu.r Analytische Wissenschaften
Leibniz-Institut für Analytische Wissenschaften - ISAS - e.V.	Leibniz-Institut fu.r Analytische Wissenschaften
Leibniz-Institut für Astrophysik Potsdam	Leibniz-Institut fu.r Astrophysik Potsdam
Leibniz-Institut für Deutsche Sprache (IDS)	Institut fu.r Deutsche Sprache
Leibniz-Institut für Gewässerökologie und Binnenfischerei	Leibniz-Institut fu.r Gewa.ssero.kologie und Binnenfischerei
Leibniz-Institut für Länderkunde, Geographische Zentralbibliothek, Leipzig	Leibniz-Institut fu.r La.nderkunde
Leibniz Institut für Neue Materialien gGmbH	Leibniz-Institut fu.r Neue Materialien
Leibniz-Institut für Neurobiologie Magdeburg (LIN), Bibliothek	Leibniz-Institut fu.r Neurobiologie
Leibniz-Institut für Nutztierbiologie, Dummerstorf	Leibniz-Institut fu.r Nutztierbiologi
Leibniz-Institut für Pflanzenbiochemie	Leibniz-Institut fu.r Pflanzenbiochemie
Leibniz-Institut für Pflanzengenetik und Kulturpflanzenforschung, Bibliothek	Leibniz-Institut fu.r Pflanzengenetik und Kulturpflanzenforschung
Leibniz-Institut für Pflanzengenetik und Kulturpflanzenforschung, Bibliothek	Leibniz-Institut fu.r Pflanzengenetik und Kulturpflanzenforschung (IPK)
Leibniz-Institut für Raumbezogene Sozialforschung (IRS)	Leibniz-Institut fu.r Raumbezogene Sozialforschung
Leibniz-Institut für Wirtschaftsforschung Halle, IWH - Bibliothek	Institut fu.r Wirtschaftsforschung Halle
Leibniz-Institut für Wirtschaftsforschung Halle, IWH - Bibliothek	Leibniz-Institut fu.r Wirtschaftsforschung Halle
Leibniz-Institut für Wissensmedien - Bibliothek	Leibniz-Institut fu.r Wissensmedien
Leibniz-Zentrum für Agrarlandschaftsforschung (ZALF) e.V. Müncheberg	Leibniz-Zentrum fu.r Agrarlandschaftsforschung
Leibniz-Zentrum für Marine Tropenökologie - MEDIA Unit	Leibniz-Zentrum fu.r Marine Tropeno.kologie
Lippische Landesbibliothek Detmold	Lippische Landesbibliothek Detmold
Macromedia Library	MHMK Macromedia Hochschule fu.r Medien und Kommunikation
Macromedia Library	MHMK Ko.ln
Macromedia Library	MHMK Berlin
Macromedia Library	MHMK Hamburg
Mathematisches Forschungsinstitut Oberwolfach gGmbH	Mathematisches Forschungsinstitut Oberwolfach
Max-Delbrück-Centrum für Molekulare Medizin (MDC), Berlin	Max-Delbru.ck-Centrum fu.r Molekulare Medizin
Max-Planck-Institute für Biochemie u. Neurobiologie, Martinsried	Max-Planck-Institut fu.r Biochemie
Max-Planck-Institute für Biochemie u. Neurobiologie, Martinsried	Max-Planck-Institut fu.r Neurobiologie
Max-Planck-Institute Stuttgart	Max-Planck-Institut fu.r Festko.rperforschung
Max-Planck-Institute Stuttgart	Max-Planck-Institut fu.r Intelligente Systeme
Max-Planck-Institute Tübingen	Max-Planck-Institut fu.r Biologische Kybernetik
Max-Planck-Institute Tübingen	Max-Planck-Institut fu.r Entwicklungsbiologie
Max-Planck-Institute Tübingen	Max-Planck-Institut fu.r Intelligente Systeme
Max-Planck-Institute Tübingen	Friedrich-Miescher-Laboratorium
Max-Planck-Institute Tübingen	Friedrich-Miescher-Laboratorium fu.r Biologische Arbeitsgruppen
Max-Planck-Institut für Astronomie, Heidelberg	Max-Planck-Institut fu.r Astronomie
Max-Planck-Institut für Astrophysik/extraterrestrische Physik, Garching	Max-Planck-Institut fu.r Astrophysik
Max-Planck-Institut für ausländisches öffentliches Recht und Völkerrecht	Max-Planck-Institut fu.r Ausla.ndisches O.ffentliches Recht und Vo.lkerrecht
Max-Planck-Institut für ausländisches und internationales Privatrecht, Hamburg	Max-Planck-Institut fu.r Ausla.ndisches und Internationales Privatrecht
Max-Planck-Institut für ausländisches und internationales Strafrecht, Freiburg i. Br.	Max-Planck-Institut fu.r Ausla.ndisches und Internationales Strafrecht
Max-Planck-Institut für Bildungsforschung, Berlin	Max-Planck-Institut fu.r Bildungsforschung
Max-Planck-Institut für biophysikalische Chemie, Göttingen	Max-Planck-Institut fu.r Biophysikalische Chemie
Max-Planck-Institut für Chemie, Mainz	Max-Planck-Institut fu.r Chemie
Max-Planck-Institut für Chemische Energiekonversion, Mülheim	Max-Planck-Institut fu.r Chemische Energiekonversion
Max-Planck-Institut für Chemische Physik fester Stoffe, Dresden	Max-Planck-Institut fu.r Chemische Physik Fester Stoffe
Max-Planck-Institut für demographische Forschung, Rostock	Max-Planck-Institut fu.r Demografische Forschung
Max-Planck-Institut für Dynamik komplexer technischer Systeme, Magdeburg	Max-Planck-Institut fu.r Dynamik Komplexer Technischer Systeme
Max-Planck-Institut für Dynamik und Selbstorganisation, Göttingen	Max-Planck-Institut fu.r Dynamik und Selbstorganisation
Max-Planck-Institut für Eisenforschung	Max-Planck-Institut fu.r Eisenforschung
Max-Planck-Institut für Eisenforschung	Max-Planck-Institut fu.r Eisenforschung GmbH
Max-Planck-Institut für empirische Ästhetik	Max-Planck-Institut fu.r Empirische A.sthetik
Max-Planck-Institut für Ethnologische Forschung, Halle	Max-Planck-Institut fu.r Ethnologische Forschung
Max-Planck-Institut für europäische Rechtsgeschichte, Frankfurt/Main	Max-Planck-Institut fu.r Europa.ische Rechtsgeschichte
Max-Planck-Institut für evolutionäre Anthropologie, Leipzig	Max-Planck-Institut fu.r Evolutiona.re Anthropologie
Max-Planck-Institut für Evolutionsbiologie, Plön	Max-Planck-Institut fu.r Evolutionsbiologie
Max-Planck-Institut für experimentelle Medizin, Göttingen	Max-Planck-Institut fu.r Experimentelle Medizin
Max-Planck-Institut für Gesellschaftsforschung, Köln	Max-Planck-Institut fu.r Gesellschaftsforschung
Max-Planck-Institut für Gravitationsphysik, Golm	Max-Planck-Institut fu.r Gravitationsphysik
Max-Planck-Institut für Herz- und Lungenforschung, W.G. Kerckhoff-Institut, Bad Nauheim	Max-Planck-Institut fu.r Herz- und Lungenforschung
Max-Planck-Institut für Immunbiologie Freiburg	Max-Planck-Institut fu.r Immunbiologie
Max-Planck-Institut für Infektionsbiologie	Max-Planck-Institut fu.r Infektionsbiologie
Max-Planck-Institut für Informatik Saarbrücken ; Max Planck Institute for Software Systems Kaiserslautern/Saarbrücken	Max-Planck-Institut fu.r Informatik
Max-Planck-Institut für Informatik Saarbrücken ; Max Planck Institute for Software Systems Kaiserslautern/Saarbrücken	Max Planck Institute for Software Systems
Max-Planck-Institut für Kernphysik, Heidelberg	Max-Planck-Institut fu.r Kernphysik
Max-Planck-Institut für Kognitions- und Neurowissenschaften, Leipzig	Max-Planck-Institut fu.r Kognitions- und Neurowissenschaften
Max-Planck-Institut für Kolloid- und Grenzflächenforschung, Golm	Max-Planck-Institut fu.r Kolloid- und Grenzfla.chenforschung
Max-Planck-Institut für marine Mikrobiologie, Bremen	Max-Planck-Institut fu.r Marine Mikrobiologie
Max-Planck-Institut für Mathematik, Bonn	Max-Planck-Institut fu.r Mathematik
Max-Planck-Institut für Mathematik in den Naturwissenschaften, Leipzig	Max-Planck-Institut fu.r Mathematik in den Naturwissenschaften
Max-Planck-Institut für medizinische Forschung, Heidelberg	Max-Planck-Institut fu.r Medizinische Forschung
Max-Planck-Institut für  Menschheitsgeschichte, Jena	Max-Planck-Institut fu.r Menschheitsgeschichte
Max-Planck-Institut für Meteorologie, Hamburg	Max-Planck-Institut fu.r Meteorologie
Max-Planck-Institut für Mikrostrukturphysik, Halle	Max-Planck-Institut fu.r Mikrostrukturphysik
Max-Planck-Institut für molekulare Genetik, Berlin	Max-Planck-Institut fu.r Molekulare Genetik
Max-Planck-Institut für molekulare Pflanzenphysiologie, Golm	Max-Planck-Institut fu.r Molekulare Pflanzenphysiologie
Max-Planck-Institut für molekulare Physiologie, Dortmund	Max-Planck-Institut fu.r Molekulare Physiologie
Max-Planck-Institut für Molekulare Zellbiologie und Genetik, Dresden	Max-Planck-Institut fu.r Molekulare Zellbiologie und Genetik
Max-Planck-Institut für Ornithologie, Seewiesen	Max-Planck-Institut fu.r Ornithologie
Max-Planck-Institut für Physik komplexer Systeme, Dresden	Max-Planck-Institut fu.r Physik Komplexer Systeme
Max-Planck-Institut für Plasmaphysik	Max-Planck-Institut fu.r Plasmaphysik
Max-Planck-Institut für Polymerforschung, Mainz	Max-Planck-Institut fu.r Polymerforschung
Max-Planck-Institut für Psycholinguistik, Nijmegen	Max Planck Instituut voor Psycholingui..stiek
Max-Planck-Institut für Quantenoptik, Garching	Max-Planck-Institut fu.r Quantenoptik
Max-Planck-Institut für Radioastronomie, Bonn	Max-Planck-Institut fu.r Radioastronomie
Max-Planck-Institut für Sonnensystemforschung, Göttingen	Max-Planck-Institut fu.r Sonnensystemforschung
Max-Planck-Institut für Sozialrecht und Sozialpolitik, München	Max-Planck-Institut fu.r Sozialrecht und Sozialpolitik
Max-Planck-Institut für terrestrische Mikrobiologie, Marburg	Max-Planck-Institut fu.r Terrestrische Mikrobiologie
Max-Planck-Institut für Wissenschaftsgeschichte, Berlin	Max-Planck-Institut fu.r Wissenschaftsgeschichte
Max-Planck-Institut zur Erforschung multireligiöser und multiethnischer Gesellschaften	Max-Planck-Institut zur Erforschung Multireligio.ser und Multiethnischer Gesellschaften
Max-Planck-Institut zur Erforschung von Gemeinschaftsgütern, Bonn	Max-Planck-Institut zur Erforschung von Gemeinschaftsgu.tern
Max Rubner-Institut, Bundesforschungsinstitut für Ernährung und Lebensmittel	Max Rubner-Institut
Mediathek der Popakademie Baden-Württemberg, Mannheim	Popakademie Baden-Wu.rttemberg
Medienzentrum der Hochschule Darmstadt	Hochschule Darmstadt
Medizinische Bibliothek der Charité	Charite. - Universita.tsmedizin Berlin
Medizinische Bibliothek der Charité	Charite. Berlin
Medizinische Bibliothek der Charité	Telemedizincentrum Charite.
Med.-wiss. Bibliothek, Klinikum Augsburg	Klinikum Augsburg
Med. Zentralbibliothek Klinikum Fulda	Sta.dtisches Klinikum Fulda
MHH-Bibliothek / Medizinische Hochschule Hannover	Medizinische Hochschule Hannover
Nds. Ministerium für Ernährung, Landwirtschaft und Verbraucherschutz, Bibliothek	Niedersa.chsisches Ministerium für Erna.hrung, Landwirtschaft und Forsten
Nds. Ministerium für Ernährung, Landwirtschaft und Verbraucherschutz, Bibliothek	Ministerium für Erna.hrung, Landwirtschaft und Forsten
Niedersächsischer Landtag, Bibliothek	Saechsischer Landtag
Niedersächsisches Landesarchiv - Dienstbibliothek	Niedersa.chsisches Landesarchiv Hannover
Niedersächsische Staats- und Universitätsbibliothek Göttingen	Niedersa.chsische Staats- und Universita.tsbibliothek Go.ttingen
Niedersächsische Staats- und Universitätsbibliothek Göttingen	Georg-August-Universita.t Go.ttingen
NTNM-Bibliothek - Leibniz Institut für Neue Materialien gGmbH	Leibniz-Institut fu.r Neue Materialien
Oberschwaben Klinik gGmbH Ravensburg	Oberschwaben Klinik gGmbH
OTH-Bibliothek Amberg/Weiden	Ostbayerische Technische Hochschule Amberg-Weiden
OTH-Bibliothek Amberg/Weiden	Fachhochschule Amberg-Weiden
Pädagogische Hochschulbibliothek Ludwigsburg	Pa.dagogische Hochschule Ludwigsburg
Pädagogische Hochschule Schwäbisch Gmünd - Bibliothek	Pa.dagogische Hochschule Schwa.bisch Gmu.nd
Pädagogische Hochschule Weingarten (PHW)	Pa.dagogische Hochschule Weingarten
Paul-Ehrlich-Institut, Bibliothek	Paul-Ehrlich-Institut
Philosophisch-Theologische Hochschule Vallendar, Pflegewissenschaftliche Fakultät	Philosophisch-Theologische Hochschule Vallendar
Robert Koch-Institut / Bibliothek	Robert Koch-Institut
Ruhr-Universität Bochum	Ruhr-Universita.t Bochum
Saarländische Universitäts- und Landesbibliothek	Saarla.ndische Universita.ts- und Landesbibliothek
Saarländische Universitäts- und Landesbibliothek	Universita.t des Saarlandes
Saarländische Universitäts- und Landesbibliothek	Universita.t Saarland
Sächsische Landesbibliothek - Staats- und Universitätsbibliothek Dresden	Sa.chsische Landesbibliothek - Staats- und Universita.tsbibliothek Dresden
Sächsische Landesbibliothek - Staats- und Universitätsbibliothek Dresden	Sa.chsische Staats- und Universita.tsbibliothek Dresden
Sächsische Landesbibliothek - Staats- und Universitätsbibliothek Dresden	Technische Universita.t Dresden
Sächsische Landesbibliothek - Staats- und Universitätsbibliothek Dresden	Technische Univ. Dresden
Sächsische Landesbibliothek - Staats- und Universitätsbibliothek Dresden	Universita.t Dresden
Schloss Dagstuhl - Leibniz-Zentrum für Informatik, Bibliothek	Schloss Dagstuhl, Leibniz-Zentrum fu.r Informatik
Schloss Dagstuhl - Leibniz-Zentrum für Informatik, Bibliothek	Schloss Dagstuhl - Leibniz Zentrum fu.r Informatik GmbH
Schwarzwald-Baar Klinikum Villingen-Schwenningen GmbH	Schwarzwald-Baar-Klinikum Villingen-Schwenningen
S(KIM) - Technische Hochschule Ostwestfalen-Lippe	Hochschule Ostwestfalen-Lippe
Spezialbibliothek des ZEW - Leibniz-Zentrum für Europäische Wirtschaftsforschung	Zentrum fu.r Europa.ische Wirtschaftsforschung
SRH Wald-Klinikum Gera - Medizinische Bibliothek	SRH Wald-Klinikum Gera
Staatliche Bibliothek Neuburg an der Donau	Staatliche Bibliothek Neuburg an der Donau
Staatliche Bibliothek Regensburg	Staatliche Bibliothek Regensburg
Staatliche Hochschule für Musik und Darstellende Kunst Mannheim - Bibliothek	Staatliche Hochschule fu.r Musik und Darstellende Kunst Mannheim
Staatliches Museum für Naturkunde Stuttgart	Staatliches Museum fu.r Naturkunde Stuttgart
Staatsbibliothek zu Berlin - Preußischer Kulturbesitz	Staatsbibliothek zu Berlin
Staatsbibliothek zu Berlin - Preußischer Kulturbesitz	Staatsbibliothek zu Berlin Preußischer Kulturbesitz Abt.III G
Staats- und Stadtbibliothek Augsburg	Staats- und Stadtbibliothek Augsburg
Staats- und Stadtbibliothek Augsburg	Staats-, Kreis- und Stadtbibliothek Augsburg
Staats- und Universitätsbibliothek Bremen	Staats- und Universita.tsbibliothek Bremen
Staats- und Universitätsbibliothek Hamburg und Fachbibliotheken	Staats- und Universita.tsbibliothek Hamburg
Staats- und Universitätsbibliothek Hamburg und Fachbibliotheken	Staats- und Universita.tsbibliothek Hamburg Carl von Ossietzky
Staats- und Universitätsbibliothek Hamburg und Fachbibliotheken	Universita.t Hamburg
Stadtbibliothek Mainz	Stadtbibliothek Mainz
Stadtbibliothek Mainz	Wissenschaftliche Stadtbibliothek Mainz
Stadt- und Landesbibliothek Dortmund	Stadt- und Landesbibliothek Dortmund
Statistisches Bundesamt, Bibliothek	Statistisches Bundesamt
Stiftung Caesar, Bonn	Stiftung Caesar
Stiftung Topographie des Terrors - Bibliothek	Stiftung Topographie des Terrors
Stiftung Topographie des Terrors - Bibliothek	Stiftung Topographie des Terrors - Internationales Dokumentations- und Begegnungszentrum
Stiftung Wissenschaft und Politik Berlin	Stiftung Wissenschaft und Politik
Studienzentrum der Finanzverwaltung und Justiz Rotenburg a. d. Fulda	Studienzentrum der Finanzverwaltung und Justiz Rotenburg an der Fulda
Südharz Klinikum Nordhausen gGmbH, Medizinische Fachbibliothek	Su.dharz-Krankenhaus
Technische Hochschule Bingen - Bibliothek	Technische Hochschule Bingen
Technische Hochschule Brandenburg, Hochschulbibliothek	Technische Hochschule Brandenburg
Technische Hochschule Ingolstadt	Technische Hochschule Ingolstadt
Technische Hochschule Wildau - Bibliothek	Technische Hochschule Wildau
Technische Informationsbibliothek (TIB)	Technische Informationsbibliothek
Technische Informationsbibliothek (TIB)	Technische Informationsbibliothek (TIB)
Technische Informationsbibliothek (TIB)	Leibniz Universita.t Hannover
Technische Informationsbibliothek (TIB)	Technische Universita.t Hannover
Technische Informationsbibliothek (TIB)	Universita.t Hannover
Technische Universität München - Universitätsbibliothek	Technische Universita.t Mu.nchen
THM Hochschulbibliothek	Technische Hochschule Mittelhessen
THM Hochschulbibliothek	Technische Hochschule Mittelhessen Gießen
THM Hochschulbibliothek	Technische Hochschule Mittelhessen Friedberg
Thünen-Institut	Johann Heinrich von Thu.nen-Institut
Thüringer Universitäts- und Landesbibliothek Jena	Thu.ringer Universita.ts- und Landesbibliothek Jena
Thüringer Universitäts- und Landesbibliothek Jena	Thu.ringische Landesuniversita.t Jena
Thüringer Universitäts- und Landesbibliothek Jena	Friedrich-Schiller-Universita.t Jena
Thüringer Universitäts- und Landesbibliothek Jena	Gesamt-Universita.t Jena
Thüringer Universitäts- und Landesbibliothek Jena	Universita.t Jena
Thüringisches Landesamt für Denkmalpflege und Archäologie	Thu.ringisches Landesamt fu.r Denkmalpflege u. Archa.ologie
Thüringisches Landesamt für Denkmalpflege und Archäologie	Thu.ringisches Landesamt fu.r Archa.ologische Denkmalpflege
Tierärztliche Hochschule Hannover - Bibliothek	Tiera.rztliche Hochschule Hannover
UB der Helmut-Schmidt-Universität Hamburg	Helmut-Schmidt-Universita.t
UB Landau der Universitätsbibliothek Koblenz-Landau	Universita.t Koblenz-Landau
Universität der Bundeswehr München	Bundeswehr. Universita.t Mu.nchen
Universitätsbibliothek Augsburg	Universita.t Augsburg
Universitätsbibliothek Bamberg	Universita.t Bamberg
Universitätsbibliothek Bamberg	Otto-Friedrich-Universita.t Bamberg
Universitätsbibliothek Bayreuth	Universita.t Bayreuth
Universitätsbibliothek Bielefeld	Universita.t Bielefeld
Universitätsbibliothek Braunschweig	Technische Universita.t Braunschweig
Universitätsbibliothek Chemnitz	Technische Universita.t Chemnitz
Universitätsbibliothek Chemnitz	Technische Universita.t Chemnitz-Zwickau
Universitätsbibliothek Clausthal	Technische Universita.t Clausthal
Universitätsbibliothek Cottbus-Senftenberg	Brandenburgische Technische Universita.t Cottbus-Senftenberg
Universitätsbibliothek Cottbus-Senftenberg	Brandenburgische Technische Universita.t Cottbus
Universitätsbibliothek der Bauhaus-Universität Weimar	Bauhaus-Universita.t Weimar
Universitätsbibliothek der Europa-Universität Viadrina Frankfurt/Oder	Europa-Universita.t Viadrina Frankfurt (Oder)
Universitätsbibliothek der FAU Erlangen-Nürnberg	Friedrich-Alexander-Universita.t Erlangen-Nu.rnberg
Universitätsbibliothek der FAU Erlangen-Nürnberg	Friedrich-Alexander-Universita.t Erlangen
Universitätsbibliothek der FAU Erlangen-Nürnberg	Universita.t Erlangen-Nu.rnberg
Universitätsbibliothek der FAU Erlangen-Nürnberg	Universita.t Erlangen
Universitätsbibliothek der Freien Universität Berlin	Freie Universita.t Berlin
Universitätsbibliothek der LMU München	Ludwig-Maximilians-Universita.t Mu.nchen
Universitätsbibliothek der RWTH Aachen	RWTH Aachen
Universitätsbibliothek der RWTH Aachen	Technische Hochschule Aachen
Universitätsbibliothek der TU Berlin	Technische Universita.t Berlin
Universitätsbibliothek Dortmund	Technische Universita.t Dortmund
Universitätsbibliothek Duisburg-Essen, Campus Duisburg	Universita.t Duisburg
Universitätsbibliothek Duisburg-Essen	Universita.t Duisburg-Essen
Universitätsbibliothek Eichstätt-Ingolstadt	Katholische Universita.t Eichsta.tt-Ingolstadt
Universitätsbibliothek Erfurt / Forschungsbibliothek Gotha	Universita.t Erfurt
Universitätsbibliothek Freiberg	Technische Universita.t Freiberg
Universitätsbibliothek Freiberg	Technische Universita.t Bergakademie Freiberg
Universitätsbibliothek Freiburg	Albert-Ludwigs-Universita.t Freiburg
Universitätsbibliothek Greifswald	Ernst-Moritz-Arndt-Universita.t Greifswald
Universitätsbibliothek Hagen	FernUniversita.t in Hagen
Universitätsbibliothek Heidelberg	Universita.t Heidelberg
Universitätsbibliothek Hildesheim	Universita.t Hildesheim
Universitätsbibliothek Ilmenau	Technische Universita.t Ilmenau
Universitätsbibliothek Kaiserslautern	Technische Universita.t Kaiserslautern
Universitätsbibliothek Kaiserslautern	Universita.t Kaiserslautern
Universitätsbibliothek Kassel	Universita.t Kassel
Universitätsbibliothek Kassel	Universita.t Gesamthochschule Kassel
Universitätsbibliothek Kiel	Christian-Albrechts-Universita.t zu Kiel
Universitätsbibliothek Koblenz-Landau	Universita.t Koblenz-Landau
Universitätsbibliothek Leipzig	Universita.t Leipzig
Universitätsbibliothek Leipzig	Karl-Marx-Universita.t Leipzig
Universitätsbibliothek Lüneburg	Leuphana Universita.t Lu.neburg
Universitätsbibliothek Magdeburg (einschl. Medizinische Zentralbibliothek)	Technische Universita.t Magdeburg
Universitätsbibliothek Magdeburg (einschl. Medizinische Zentralbibliothek)	Otto-von-Guericke-Universita.t Magdeburg
Universitätsbibliothek Magdeburg (einschl. Medizinische Zentralbibliothek)	Universita.t Magdeburg
Universitätsbibliothek Magdeburg (einschl. Medizinische Zentralbibliothek)	Universita.tsklinikum Magdeburg
Universitätsbibliothek Magdeburg (einschl. Medizinische Zentralbibliothek)	Medizinische Akademie Magdeburg
Universitätsbibliothek Mannheim	Universita.t Mannheim
Universitätsbibliothek Osnabrück	Universita.t Osnabru.ck
Universitätsbibliothek Paderborn	Universita.t Paderborn
Universitätsbibliothek Paderborn	Universita.t-Gesamthochschule Paderborn
Universitätsbibliothek Passau	Universita.t Passau
Universitätsbibliothek Potsdam	Universita.t Potsdam
Universitätsbibliothek Regensburg	Universita.t Regensburg
Universitätsbibliothek Rostock	Universita.t Rostock
Universitätsbibliothek Rostock	Wilhelm-Pieck-Universita.t Rostock
Universitätsbibliothek Siegen	Universita.t Siegen
Universitätsbibliothek Trier	Universita.t Trier
Universitätsbibliothek Trier	Universita.t Trier-Kaiserslautern
Universitätsbibliothek Tübingen	Eberhard Karls Universita.t Tu.bingen
Universitätsbibliothek Vechta	Universita.t Vechta
Universitätsbibliothek Witten/Herdecke	Universita.t Witten/Herdecke
Universitätsbibliothek Witten/Herdecke	Universita.t Witten-Herdecke
Universitätsbibliothek Wuppertal	Bergische Universita.t Wuppertal
Universitätsbibliothek Würzburg	Julius-Maximilians-Universita.t Wu.rzburg
Universitätsbibliothek Würzburg	Bayerische Julius-Maximilians-Universita.t Wu.rzburg
Universitätsklinikum Hamburg-Eppendorf	Universita.tsklinikum Hamburg-Eppendorf
Universitätsklinikum Hamburg-Eppendorf	Universita.tskrankenhaus Eppendorf
Universitätsklinikum Hamburg-Eppendorf	Universita.ts-Krankenhaus Eppendorf
Universitäts- und Landesbibliothek Bonn	Universita.ts- und Landesbibliothek Bonn
Universitäts- und Landesbibliothek Bonn	Rheinische Friedrich-Wilhelms-Universita.t Bonn
Universitäts- und Landesbibliothek Bonn	Universita.tsbibliothek Bonn
Universitäts- und Landesbibliothek Darmstadt	Universita.ts- und Landesbibliothek Darmstadt
Universitäts- und Landesbibliothek Darmstadt	Technische Universita.t Darmstadt
Universitäts- und Landesbibliothek Düsseldorf	Universita.ts- und Landesbibliothek Du.sseldorf
Universitäts- und Landesbibliothek Düsseldorf	Heinrich-Heine-Universita.t Du.sseldorf
Universitäts- und Landesbibliothek Düsseldorf	Universita.t Du.sseldorf
Universitäts- und Landesbibliothek Münster	Universita.ts- und Landesbibliothek Mu.nster
Universitäts- und Landesbibliothek Münster	Westfa.lische Wilhelms-Universita.t Mu.nster
Universitäts- und Landesbibliothek Sachsen-Anhalt	Universita.ts- und Landesbibliothek Sachsen-Anhalt
Universitäts- und Landesbibliothek Sachsen-Anhalt	Martin-Luther-Universita.t Halle-Wittenberg
Universitäts- und Landesbibliothek Sachsen-Anhalt	Universita.t Halle (Saale)
Universitäts- und Landesbibliothek Sachsen-Anhalt	Universita.t Halle
Universitäts- und Stadtbibliothek Köln	Universita.ts- und Stadtbibliothek Ko.ln
Universitäts- und Stadtbibliothek Köln	Universita.t zu Ko.ln
Universitäts- und Stadtbibliothek Köln	Universita.t Ko.ln
Universität Ulm / Kommunikations- und Informationszentrum (kiz)	Universita.t Ulm
v. Bodelschwinghsche Stiftungen Bethel - Zentrale Bibliothek	v. Bodelschwinghsche Stiftungen Bethel
Weierstraß-Institut für Angewandte Analysis und Stochastik Leibniz-Institut im Forschungsverbund Berlin e.V. (WIAS)	Weierstraß-Institut fu.r Angewandte Analysis und Stochastik
Weierstraß-Institut für Angewandte Analysis und Stochastik Leibniz-Institut im Forschungsverbund Berlin e.V. (WIAS)	Institut fu.r Angewandte Analysis und Stochastik
Weierstraß-Institut für Angewandte Analysis und Stochastik Leibniz-Institut im Forschungsverbund Berlin e.V. (WIAS)	Weierstrass-Institut fu.r Angewandte Analysis und Stochastik
Wilhelm Löhe Hochschule	Wilhelm-Lo.he-Hochschule fu.r Angewandte Wissenschaften
Wissenschaftskolleg zu Berlin	Wissenschaftskolleg zu Berlin
Wissenschaftszentrum Berlin für Sozialforschung, Berlin	Wissenschaftszentrum Berlin fu.r Sozialforschung
Württembergische Landesbibliothek Stuttgart	Wu.rttembergische Landesbibliothek
ZB MED - Leibniz-Informationszentrum Lebenswissenschaften / ; Medizinische Abteilung der USB Köln	ZB MED - Leibniz-Informationszentrum Lebenswissenschaften
ZBW - Leibniz-Informationszentrum Wirtschaft - Standort Hamburg	Deutsche Zentralbibliothek fu.r Wirtschaftswissenschaften
ZBW -  Leibniz-Informationzentrum Wirtschaft - Standort Kiel	Deutsche Zentralbibliothek fu.r Wirtschaftswissenschaften
Zentralbibliothek der Fachhochschule Kiel	Fachhochschule Kiel
Zentralbibliothek der Sportwissenschaften der Deutschen Sporthochschule Köln	Deutsche Sporthochschule Ko.ln
Zentrale Hochschulbibliothek Flensburg	Hochschule Flensburg
Zentrale Hochschulbibliothek Lübeck	Universita.t zu Lu.beck
Zentrale Hochschulbibliothek Lübeck	Medizinische Universita.t zu Lu.beck
Zentralinstitut für Kunstgeschichte - Bibliothek	Zentralinstitut fu.r Kunstgeschichte
Zentral- und Landesbibliothek Berlin	Zentral- und Landesbibliothek Berlin
Zuse Institute Berlin (ZIB), Bibliothek	Zuse Institute Berlin
